PLAYER_ID,RANK,PLAYER,TEAM,GP,MIN,FGM,FGA,FG_PCT,FG3M,FG3A,FG3_PCT,FTM,FTA,FT_PCT,OREB,DREB,REB,AST,STL,BLK,TOV,PF,PTS,EFF,AST_TOV,STL_TOV
201935,1,James Harden,HOU,34,1280,383,827,0.463,177,458,0.386,362,419,0.864,34,169,203,257,62,28,159,111,1305,1195,1.62,0.39
1628984,2,Devonte' Graham,CHA,39,1372,233,612,0.381,142,365,0.389,136,165,0.824,34,115,149,306,33,12,117,73,744,719,2.62,0.28
1627741,3,Buddy Hield,SAC,37,1273,275,665,0.414,136,369,0.369,73,89,0.82,35,157,192,115,31,12,97,96,759,606,1.19,0.32
1629027,4,Trae Young,ATL,34,1195,317,707,0.448,120,320,0.375,227,267,0.85,16,130,146,287,40,2,163,57,981,863,1.76,0.25
203081,5,Damian Lillard,POR,35,1291,296,670,0.442,119,333,0.357,239,269,0.888,16,130,146,265,36,13,98,66,950,908,2.7,0.37
1629130,6,Duncan Robinson,MIA,36,981,143,303,0.472,115,259,0.444,22,23,0.957,6,111,117,32,21,10,24,98,423,418,1.33,0.88
203897,7,Zach LaVine,CHI,37,1247,298,698,0.427,113,289,0.391,166,204,0.814,26,142,168,147,52,17,120,83,875,701,1.23,0.43
200755,8,JJ Redick,NOP,35,995,171,379,0.451,109,236,0.462,94,105,0.895,8,93,101,68,12,6,40,56,545,473,1.7,0.3
202689,8,Kemba Walker,BOS,30,970,224,519,0.432,109,274,0.398,118,135,0.874,25,92,117,157,28,18,69,47,675,614,2.28,0.41
202722,10,Davis Bertans,WAS,28,839,142,316,0.449,105,242,0.434,42,47,0.894,25,113,138,48,18,18,22,72,431,452,2.18,0.82
202711,11,Bojan Bogdanovic,UTA,35,1174,237,540,0.439,104,249,0.418,153,171,0.895,24,130,154,70,23,4,99,67,731,562,0.71,0.23
1626179,12,Terry Rozier,CHA,39,1324,250,590,0.424,102,261,0.391,101,120,0.842,32,139,171,172,45,7,100,87,703,639,1.72,0.45
1629029,13,Luka Doncic,DAL,32,1049,307,647,0.474,100,302,0.331,235,292,0.805,47,264,311,286,38,5,135,76,949,1057,2.12,0.28
203468,14,CJ McCollum,POR,36,1315,319,697,0.458,95,254,0.374,69,85,0.812,27,127,154,136,29,24,68,93,802,683,2.0,0.43
203095,15,Evan Fournier,ORL,37,1153,248,526,0.471,94,231,0.407,105,130,0.808,4,94,98,118,37,7,70,92,695,582,1.69,0.53
202331,15,Paul George,LAC,26,799,198,462,0.429,94,238,0.395,120,132,0.909,12,143,155,97,38,12,85,65,610,551,1.14,0.45
1628991,17,Jaren Jackson Jr.,MEM,36,1015,232,484,0.479,93,228,0.408,81,107,0.757,39,138,177,55,23,51,64,147,638,602,0.86,0.36
203925,17,Joe Harris,BKN,35,1114,192,407,0.472,93,218,0.427,36,46,0.783,31,110,141,78,22,12,48,81,513,493,1.63,0.46
202694,19,Marcus Morris Sr.,NYK,33,1047,206,470,0.438,90,192,0.469,127,153,0.83,38,145,183,50,28,15,54,99,629,561,0.93,0.52
201568,20,Danilo Gallinari,OKC,31,941,173,409,0.423,89,227,0.392,122,137,0.891,18,155,173,68,21,4,42,40,557,530,1.62,0.5
203501,21,Tim Hardaway Jr.,DAL,33,838,158,373,0.424,86,221,0.389,52,64,0.813,11,75,86,56,20,3,29,53,454,363,1.93,0.69
1627752,22,Taurean Prince,BKN,35,1062,150,412,0.364,85,239,0.356,32,41,0.78,31,205,236,74,32,15,72,95,417,431,1.03,0.44
203463,23,Ben McLemore,HOU,35,825,112,277,0.404,84,237,0.354,36,45,0.8,13,71,84,33,24,8,29,71,344,290,1.14,0.83
1628374,23,Lauri Markkanen,CHI,37,1120,191,452,0.423,84,240,0.35,105,127,0.827,45,202,247,59,32,20,62,72,571,584,0.95,0.52
1626157,25,Karl-Anthony Towns,MIN,23,779,207,403,0.514,82,196,0.418,113,142,0.796,63,206,269,101,24,29,72,80,609,735,1.4,0.33
1628369,26,Jayson Tatum,BOS,34,1164,263,619,0.425,81,223,0.363,112,132,0.848,39,194,233,95,45,29,75,72,719,670,1.27,0.6
201988,26,Patty Mills,SAS,35,811,139,314,0.443,81,194,0.418,49,62,0.79,10,45,55,72,29,5,34,51,408,347,2.12,0.85
1628378,28,Donovan Mitchell,UTA,36,1261,336,727,0.462,80,222,0.36,147,175,0.84,27,135,162,158,39,10,89,86,899,760,1.78,0.44
1627832,28,Fred VanVleet,TOR,31,1125,183,464,0.394,80,215,0.372,111,131,0.847,9,111,120,218,59,12,77,69,557,588,2.83,0.77
203992,30,Bogdan Bogdanovic,SAC,30,842,158,371,0.426,79,206,0.383,39,59,0.661,10,79,89,108,32,8,61,61,434,377,1.77,0.53
203078,30,Bradley Beal,WAS,31,1130,293,673,0.435,79,251,0.315,197,237,0.831,35,114,149,205,33,10,103,76,862,736,1.99,0.32
200768,30,Kyle Lowry,TOR,25,958,154,372,0.414,79,219,0.361,135,155,0.871,13,105,118,185,29,11,77,77,522,550,2.4,0.38
204038,30,Langston Galloway,DET,37,956,134,307,0.436,79,196,0.403,57,65,0.877,16,67,83,54,27,8,25,43,404,370,2.16,1.08
1627742,34,Brandon Ingram,NOP,33,1128,295,614,0.48,78,193,0.404,163,188,0.867,29,197,226,127,33,26,96,99,831,803,1.32,0.34
1627854,35,Bryn Forbes,SAS,35,907,137,342,0.401,77,211,0.365,41,47,0.872,9,76,85,62,17,0,31,64,392,314,2.0,0.55
204060,35,Joe Ingles,UTA,36,1081,132,297,0.444,77,187,0.412,37,46,0.804,14,144,158,164,33,6,70,79,378,495,2.34,0.47
1626156,37,D'Angelo Russell,GSW,22,691,179,413,0.433,74,204,0.363,79,103,0.767,6,68,74,133,19,8,67,48,511,420,1.99,0.28
1628415,37,Dillon Brooks,MEM,37,1028,193,475,0.406,74,194,0.381,79,95,0.832,35,88,123,76,37,12,61,142,539,428,1.25,0.61
203082,37,Terrence Ross,ORL,35,878,162,390,0.415,74,217,0.341,71,84,0.845,9,89,98,31,34,11,34,54,469,368,0.91,1.0
203903,40,Jordan Clarkson,UTA,35,812,174,391,0.445,73,193,0.378,85,100,0.85,23,56,79,76,19,11,44,45,506,415,1.73,0.43
1628379,40,Luke Kennard,DET,28,922,151,342,0.442,73,183,0.399,67,75,0.893,9,89,98,115,12,6,43,65,442,431,2.67,0.28
201980,42,Danny Green,LAL,36,915,112,259,0.432,72,186,0.387,20,26,0.769,25,106,131,47,41,16,33,83,316,365,1.42,1.24
1629134,42,Kendrick Nunn,MIA,36,1101,220,502,0.438,72,212,0.34,44,55,0.8,10,92,102,133,33,7,66,86,556,472,2.02,0.5
202066,44,Garrett Temple,BKN,34,1003,124,340,0.365,71,224,0.317,40,52,0.769,20,96,116,89,30,16,42,64,359,340,2.12,0.71
201567,44,Kevin Love,CLE,30,917,160,358,0.447,71,189,0.376,101,119,0.849,28,280,308,86,16,13,80,41,492,619,1.08,0.2
2544,44,LeBron James,LAL,35,1229,336,691,0.486,71,210,0.338,130,192,0.677,38,237,275,385,45,19,131,64,873,1049,2.94,0.34
203496,44,Robert Covington,MIN,34,977,145,333,0.435,71,208,0.341,59,71,0.831,24,172,196,40,54,32,51,104,420,491,0.78,1.06
1629639,44,Tyler Herro,MIA,35,1001,170,409,0.416,71,188,0.378,55,65,0.846,12,138,150,75,23,3,65,44,466,403,1.15,0.35
1629632,49,Coby White,CHI,37,886,154,415,0.371,69,197,0.35,41,54,0.759,13,114,127,80,30,3,55,51,418,329,1.46,0.55
203109,49,Jae Crowder,MEM,35,1073,125,333,0.375,69,225,0.307,53,70,0.757,32,182,214,106,31,14,46,73,372,466,2.3,0.67
203926,51,Doug McDermott,IND,37,770,132,282,0.468,68,150,0.453,21,26,0.808,16,81,97,39,4,3,25,66,353,316,1.56,0.16
204001,51,Kristaps Porzingis,DAL,31,968,190,472,0.403,68,198,0.343,87,120,0.725,54,237,291,45,18,66,52,94,535,588,0.87,0.35
202357,51,Nemanja Bjelica,SAC,37,980,161,342,0.471,68,162,0.42,34,39,0.872,57,173,230,92,30,23,58,113,424,555,1.59,0.52
201950,54,Jrue Holiday,NOP,34,1212,266,608,0.438,67,196,0.342,68,96,0.708,45,120,165,221,58,25,105,72,667,661,2.11,0.55
1628366,54,Lonzo Ball,NOP,29,840,132,323,0.409,67,183,0.366,19,37,0.514,35,114,149,159,36,7,72,55,350,420,2.21,0.5
1627783,54,Pascal Siakam,TOR,27,989,253,554,0.457,67,171,0.392,104,128,0.813,38,179,217,97,26,26,72,77,677,646,1.35,0.36
203915,54,Spencer Dinwiddie,BKN,35,1074,261,614,0.425,67,226,0.296,204,256,0.797,10,98,108,217,27,13,101,112,793,652,2.15,0.27
1629636,58,Darius Garland,CLE,36,1041,158,394,0.401,66,179,0.369,39,46,0.848,15,57,72,114,25,0,90,53,421,299,1.27,0.28
1628404,59,Josh Hart,NOP,30,825,109,265,0.411,65,187,0.348,40,54,0.741,25,145,170,43,30,9,35,84,323,370,1.23,0.86
1626162,59,Kelly Oubre Jr.,PHX,36,1212,234,509,0.46,65,183,0.355,124,157,0.79,46,174,220,61,55,25,56,113,657,654,1.09,0.98
203114,59,Khris Middleton,MIL,31,880,216,454,0.476,65,167,0.389,82,91,0.901,28,147,175,118,29,6,64,72,579,596,1.84,0.45
101150,59,Lou Williams,LAC,35,1059,226,535,0.422,65,174,0.374,169,197,0.858,14,91,105,221,23,5,111,53,686,592,1.99,0.21
1626224,63,Cedi Osman,CLE,36,1036,141,319,0.442,64,167,0.383,30,48,0.625,15,103,118,76,33,12,50,81,376,369,1.52,0.66
1627759,63,Jaylen Brown,BOS,30,1009,228,446,0.511,64,162,0.395,101,132,0.765,32,185,217,70,32,9,69,89,621,631,1.01,0.46
1627863,65,Danuel House Jr.,HOU,29,892,111,256,0.434,63,166,0.38,35,46,0.761,33,84,117,38,28,16,27,64,320,336,1.41,1.04
203471,65,Dennis Schroder,OKC,35,1067,247,524,0.471,63,177,0.356,94,116,0.81,11,120,131,129,24,10,100,77,651,546,1.29,0.24
202699,67,Tobias Harris,PHI,38,1290,289,594,0.487,62,175,0.354,99,123,0.805,29,217,246,115,29,25,62,95,739,763,1.86,0.47
1629661,68,Cameron Johnson,PHX,33,676,94,221,0.425,61,153,0.399,24,31,0.774,31,71,102,32,16,9,22,53,273,276,1.46,0.73
1629631,68,De'Andre Hunter,ATL,36,1144,161,400,0.403,61,175,0.349,61,79,0.772,16,119,135,63,23,9,60,93,444,357,1.05,0.38
201609,68,Goran Dragic,MIA,26,732,142,315,0.451,61,148,0.412,68,94,0.723,11,72,83,131,16,7,64,47,413,387,2.05,0.25
1627750,68,Jamal Murray,DEN,36,1160,237,539,0.44,61,182,0.335,107,117,0.915,30,120,150,172,49,11,78,64,642,634,2.21,0.63
203200,68,Justin Holiday,IND,37,926,99,243,0.407,61,157,0.389,26,31,0.839,16,111,127,53,39,20,21,64,285,354,2.52,1.86
1626164,73,Devin Booker,PHX,33,1186,302,595,0.508,60,167,0.359,194,213,0.911,20,106,126,213,22,8,127,101,858,788,1.68,0.17
203503,73,Tony Snell,DET,33,846,93,203,0.458,60,141,0.426,13,13,1.0,6,50,56,44,14,5,14,57,259,254,3.14,1.0
203507,75,Giannis Antetokounmpo,MIL,35,1084,390,705,0.553,59,181,0.326,219,356,0.615,88,360,448,195,44,40,121,109,1058,1212,1.61,0.36
203552,75,Seth Curry,DAL,34,757,118,263,0.449,59,152,0.388,45,48,0.938,15,53,68,59,19,6,37,60,340,307,1.6,0.51
203952,77,Andrew Wiggins,MIN,27,962,246,557,0.442,58,181,0.32,109,145,0.752,36,111,147,89,20,29,67,66,659,530,1.33,0.3
1627788,77,Furkan Korkmaz,PHI,37,757,113,259,0.436,58,154,0.377,21,28,0.75,8,74,82,30,20,7,24,52,305,267,1.25,0.83
1628467,77,Maxi Kleber,DAL,35,864,109,233,0.468,58,144,0.403,37,42,0.881,57,132,189,37,10,26,29,81,313,417,1.28,0.35
200782,77,P.J. Tucker,HOU,35,1261,109,229,0.476,58,151,0.384,23,30,0.767,57,197,254,49,41,16,36,114,299,496,1.36,1.14
201588,81,George Hill,MIL,36,774,132,240,0.55,57,110,0.518,45,55,0.818,37,80,117,109,26,4,32,51,366,472,3.41,0.81
1629004,81,Svi Mykhailiuk,DET,32,605,75,184,0.408,57,132,0.432,19,24,0.792,8,37,45,46,19,2,34,42,226,190,1.35,0.56
1628988,83,Aaron Holiday,IND,35,829,136,328,0.415,56,135,0.415,41,47,0.872,15,74,89,124,30,6,49,69,369,371,2.53,0.61
101108,83,Chris Paul,OKC,36,1145,202,434,0.465,56,153,0.366,128,142,0.901,12,169,181,236,55,5,74,87,588,745,3.19,0.74
1628970,83,Miles Bridges,CHA,39,1190,182,413,0.441,56,161,0.348,53,66,0.803,48,167,215,72,23,28,62,85,473,505,1.16,0.37
202083,83,Wesley Matthews,MIL,35,844,92,218,0.422,56,149,0.376,31,39,0.795,7,77,84,48,25,6,24,52,271,276,2.0,1.04
202692,87,Alec Burks,GSW,35,1019,181,428,0.423,55,151,0.364,136,153,0.889,25,132,157,106,43,11,54,77,553,552,1.96,0.8
1627827,87,Dorian Finney-Smith,DAL,36,1047,118,252,0.468,55,141,0.39,37,52,0.712,70,121,191,49,24,18,33,77,328,428,1.49,0.73
2594,87,Kyle Korver,MIL,33,551,67,163,0.411,55,133,0.414,19,22,0.864,8,53,61,40,15,7,27,40,208,205,1.48,0.56
202738,90,Isaiah Thomas,WAS,27,644,125,300,0.417,54,131,0.412,47,55,0.855,5,36,41,115,12,5,56,57,351,285,2.05,0.21
1626196,90,Josh Richardson,PHI,30,960,167,385,0.434,54,151,0.358,63,82,0.768,24,75,99,105,33,19,63,85,451,407,1.67,0.52
1628989,92,Kevin Huerter,ATL,26,703,103,247,0.417,53,139,0.381,32,38,0.842,14,84,98,89,26,12,47,54,291,319,1.89,0.55
202693,92,Markieff Morris,DET,31,698,124,264,0.47,53,129,0.411,35,47,0.745,17,105,122,52,19,7,53,71,336,331,0.98,0.36
203115,92,Will Barton,DEN,34,1125,195,428,0.456,53,147,0.361,61,81,0.753,56,181,237,125,38,15,47,73,504,619,2.66,0.81
201572,95,Brook Lopez,MIL,36,950,131,321,0.408,52,171,0.304,57,66,0.864,24,152,176,54,25,93,36,86,371,484,1.5,0.69
203084,95,Harrison Barnes,SAC,37,1301,196,436,0.45,52,145,0.359,136,171,0.795,36,149,185,82,25,6,50,45,580,553,1.64,0.5
1626181,97,Norman Powell,TOR,27,780,140,284,0.493,51,131,0.389,57,69,0.826,15,90,105,46,30,11,43,52,388,381,1.07,0.7
203967,98,Dario Saric,PHX,36,920,137,311,0.441,50,152,0.329,44,53,0.83,56,180,236,69,24,11,46,88,368,479,1.5,0.52
203145,98,Kent Bazemore,POR,37,934,99,277,0.357,50,141,0.355,45,56,0.804,11,137,148,51,34,28,52,106,293,313,0.98,0.65
202695,100,Kawhi Leonard,LAC,28,893,247,551,0.448,49,139,0.353,164,184,0.891,31,181,212,143,51,15,93,55,707,711,1.54,0.55
203482,100,Kelly Olynyk,MIA,35,703,88,197,0.447,49,118,0.415,45,51,0.882,28,131,159,42,24,10,40,91,270,350,1.05,0.6
203484,100,Kentavious Caldwell-Pope,LAL,36,915,120,261,0.46,49,116,0.422,40,51,0.784,22,55,77,64,29,7,33,66,329,321,1.94,0.88
203935,100,Marcus Smart,BOS,25,792,97,267,0.363,49,156,0.314,42,54,0.778,22,61,83,117,37,13,31,60,285,322,3.77,1.19
1629023,104,P.J. Washington,CHA,34,1030,162,337,0.481,48,118,0.407,55,84,0.655,30,152,182,63,32,31,50,93,427,481,1.26,0.64
1626220,104,Royce O'Neale,UTA,36,1060,82,175,0.469,48,110,0.436,14,18,0.778,6,169,175,89,30,10,31,106,226,402,2.87,0.97
203914,106,Gary Harris,DEN,34,1124,142,335,0.424,47,145,0.324,44,53,0.83,19,78,97,75,46,9,36,80,375,364,2.08,1.28
203922,106,Glenn Robinson III,GSW,37,1181,177,390,0.454,47,119,0.395,45,54,0.833,51,122,173,59,33,9,34,68,446,464,1.74,0.97
1626167,106,Myles Turner,IND,29,856,129,284,0.454,47,132,0.356,59,81,0.728,37,131,168,35,15,59,37,72,364,427,0.95,0.41
1628384,106,OG Anunoby,TOR,35,1043,153,310,0.494,47,132,0.356,30,48,0.625,36,169,205,58,38,26,46,88,383,489,1.26,0.83
201143,110,Al Horford,PHI,34,1043,172,380,0.453,46,135,0.341,27,39,0.692,54,166,220,126,33,31,36,76,417,571,3.5,0.92
203118,110,Mike Scott,PHI,38,701,82,197,0.416,46,132,0.348,14,17,0.824,26,95,121,23,12,2,14,51,224,250,1.64,0.86
203933,110,T.J. Warren,IND,37,1205,269,531,0.507,46,124,0.371,94,112,0.839,35,106,141,50,37,16,45,97,678,597,1.11,0.82
1629014,113,Anfernee Simons,POR,37,823,135,322,0.419,45,135,0.333,39,51,0.765,16,78,94,52,14,5,35,74,354,285,1.49,0.4
1628398,113,Kyle Kuzma,LAL,27,634,116,276,0.42,45,130,0.346,42,57,0.737,14,81,95,22,10,11,41,45,319,241,0.54,0.24
203999,113,Nikola Jokic,DEN,36,1120,265,525,0.505,45,144,0.313,106,132,0.803,84,268,352,230,35,19,91,110,681,940,2.53,0.39
1628983,113,Shai Gilgeous-Alexander,OKC,36,1273,261,564,0.463,45,130,0.346,144,180,0.8,25,168,193,101,43,16,70,61,711,655,1.44,0.61
201571,117,D.J. Augustin,ORL,37,965,123,310,0.397,44,128,0.344,103,116,0.888,14,75,89,180,27,1,51,41,393,439,3.53,0.53
203210,117,JaMychal Green,LAC,29,615,70,170,0.412,44,117,0.376,21,25,0.84,42,143,185,23,15,10,27,73,205,307,0.85,0.56
203924,117,Jerami Grant,DEN,36,829,125,270,0.463,44,113,0.389,56,83,0.675,17,95,112,31,15,22,30,66,350,328,1.03,0.5
203107,117,Tomas Satoransky,CHI,37,1066,136,305,0.446,44,117,0.376,57,65,0.877,39,100,139,204,54,5,75,71,373,523,2.72,0.72
203944,121,Julius Randle,NYK,36,1156,245,541,0.453,43,150,0.287,136,195,0.697,76,250,326,118,27,7,105,99,669,687,1.12,0.26
1628995,121,Kevin Knox II,NYK,35,678,90,234,0.385,43,124,0.347,41,60,0.683,12,93,105,39,18,17,25,54,264,255,1.56,0.72
1629056,121,Terence Davis,TOR,36,603,90,192,0.469,43,109,0.394,27,29,0.931,23,86,109,65,19,6,34,54,250,311,1.91,0.56
203085,124,Austin Rivers,HOU,33,746,95,231,0.411,42,129,0.326,30,44,0.682,18,60,78,51,18,6,20,61,262,245,2.55,0.9
1626171,124,Bobby Portis,NYK,36,765,141,318,0.443,42,110,0.382,39,52,0.75,51,153,204,45,21,9,38,66,363,414,1.18,0.55
1629013,124,Landry Shamet,LAC,21,556,61,145,0.421,42,107,0.393,24,25,0.96,3,38,41,33,10,4,19,64,188,172,1.74,0.53
202335,124,Patrick Patterson,LAC,33,476,58,143,0.406,42,109,0.385,17,24,0.708,25,74,99,25,6,3,11,26,175,205,2.27,0.55
203524,124,Solomon Hill,MEM,35,680,73,183,0.399,42,112,0.375,19,26,0.731,20,90,110,67,27,5,30,54,207,269,2.23,0.9
202696,129,Nikola Vucevic,ORL,26,817,185,413,0.448,41,114,0.36,61,78,0.782,70,224,294,90,22,25,30,53,472,628,3.0,0.73
201976,129,Patrick Beverley,LAC,30,869,91,220,0.414,41,127,0.323,16,27,0.593,39,141,180,101,41,19,37,99,239,403,2.73,1.11
201144,131,Mike Conley,UTA,22,647,99,271,0.365,40,111,0.36,61,76,0.803,16,57,73,102,16,4,45,48,299,262,2.27,0.36
203382,132,Aron Baynes,PHX,27,652,134,264,0.508,39,110,0.355,38,53,0.717,46,116,162,57,6,17,31,102,345,411,1.84,0.19
202339,132,Eric Bledsoe,MIL,30,779,166,345,0.481,39,108,0.361,74,91,0.813,24,117,141,163,27,15,69,66,445,526,2.36,0.39
1626163,132,Frank Kaminsky,PHX,32,718,127,279,0.455,39,112,0.348,59,88,0.67,30,128,158,71,13,10,33,69,352,390,2.15,0.39
101107,132,Marvin Williams,CHA,33,664,82,173,0.474,39,98,0.398,38,42,0.905,13,77,90,33,23,15,21,58,241,286,1.57,1.1
1629628,132,RJ Barrett,NYK,35,1105,178,457,0.389,39,124,0.315,86,150,0.573,38,145,183,91,37,15,77,80,481,387,1.18,0.48
203076,137,Anthony Davis,LAL,34,1203,328,647,0.507,38,127,0.299,249,289,0.862,78,245,323,108,51,88,81,87,943,1073,1.33,0.63
202734,137,E'Twaun Moore,NOP,25,519,99,233,0.425,38,95,0.4,17,27,0.63,18,61,79,41,15,3,15,42,253,232,2.73,1.0
203954,137,Joel Embiid,PHI,31,963,238,504,0.472,38,118,0.322,211,252,0.837,79,303,382,102,25,42,93,109,725,876,1.1,0.27
200752,137,Rudy Gay,SAS,35,792,140,302,0.464,38,112,0.339,66,77,0.857,36,172,208,64,17,22,52,50,384,470,1.23,0.33
201152,137,Thaddeus Young,CHI,36,786,126,316,0.399,38,117,0.325,24,40,0.6,54,107,161,67,39,10,52,66,314,333,1.29,0.75
1628978,142,Donte DiVincenzo,MIL,34,768,107,243,0.44,37,115,0.322,33,41,0.805,31,126,157,77,50,8,40,58,284,392,1.93,1.25
1627763,142,Malcolm Brogdon,IND,27,824,171,383,0.446,37,111,0.333,98,105,0.933,17,101,118,200,23,5,72,55,477,532,2.78,0.32
1627736,142,Malik Beasley,DEN,27,433,71,175,0.406,37,93,0.398,9,11,0.818,6,33,39,25,13,4,22,30,188,141,1.14,0.59
2772,142,Trevor Ariza,SAC,28,680,55,140,0.393,37,103,0.359,14,19,0.737,19,107,126,41,29,7,25,53,161,249,1.64,1.16
1627777,146,Georges Niang,UTA,30,373,55,115,0.478,36,78,0.462,7,10,0.7,6,49,55,13,5,3,13,40,153,153,1.0,0.39
202397,146,Ish Smith,WAS,36,941,173,367,0.471,36,97,0.371,30,46,0.652,16,88,104,156,30,13,45,57,412,460,3.47,0.67
1628370,146,Malik Monk,CHA,38,754,127,298,0.426,36,137,0.263,41,50,0.82,16,87,103,74,18,8,48,54,331,306,1.54,0.38
203086,146,Meyers Leonard,MIA,36,699,86,160,0.538,36,80,0.45,11,16,0.688,20,153,173,37,8,14,27,72,219,345,1.37,0.3
1628390,146,Terrance Ferguson,OKC,30,792,55,142,0.387,36,111,0.324,7,9,0.778,19,36,55,27,17,7,21,102,153,149,1.29,0.81
203932,151,Aaron Gordon,ORL,32,1001,159,389,0.409,35,127,0.276,68,98,0.694,55,186,241,89,22,19,54,65,421,478,1.65,0.41
101141,151,Ersan Ilyasova,MIL,35,598,104,204,0.51,35,91,0.385,49,60,0.817,43,145,188,36,14,12,20,48,292,411,1.8,0.7
201937,151,Ricky Rubio,PHX,30,959,148,358,0.413,35,110,0.318,77,92,0.837,22,117,139,278,38,6,74,76,408,570,3.76,0.51
203918,151,Rodney Hood,POR,21,619,87,172,0.506,35,71,0.493,21,27,0.778,10,62,72,32,17,4,19,46,230,245,1.68,0.9
201566,151,Russell Westbrook,HOU,31,1094,280,657,0.426,35,149,0.235,152,194,0.784,49,197,246,217,48,12,135,117,747,716,1.61,0.36
1629012,156,Collin Sexton,CLE,36,1118,257,567,0.453,34,115,0.296,117,141,0.83,36,78,114,83,35,2,75,76,665,490,1.11,0.47
201145,156,Jeff Green,UTA,30,553,75,195,0.385,34,104,0.327,49,63,0.778,14,67,81,20,12,10,27,46,233,195,0.74,0.44
200746,156,LaMarcus Aldridge,SAS,33,1089,253,497,0.509,34,74,0.459,97,114,0.851,71,185,256,79,19,62,44,78,637,748,1.8,0.43
1629629,159,Cam Reddish,ATL,33,846,90,282,0.319,33,125,0.264,51,65,0.785,21,104,125,52,32,14,57,62,264,224,0.91,0.56
203516,159,James Ennis III,PHI,37,659,86,191,0.45,33,91,0.363,41,53,0.774,43,84,127,35,17,12,24,76,246,296,1.46,0.71
203087,159,Jeremy Lamb,IND,26,784,134,297,0.451,33,96,0.344,66,77,0.857,16,110,126,68,34,15,34,58,367,402,2.0,1.0
203895,159,Jordan McRae,WAS,20,445,91,208,0.438,33,74,0.446,45,57,0.789,10,55,65,56,14,11,25,42,260,252,2.24,0.56
1629673,159,Jordan Poole,GSW,31,665,67,257,0.261,33,138,0.239,51,60,0.85,4,54,58,56,21,7,31,50,218,130,1.81,0.68
2546,164,Carmelo Anthony,POR,22,697,133,312,0.426,32,82,0.39,53,66,0.803,24,108,132,28,23,15,41,69,351,316,0.68,0.56
1627814,164,Damion Lee,GSW,24,633,99,237,0.418,32,87,0.368,66,75,0.88,22,105,127,52,21,1,29,44,296,321,1.79,0.72
1628422,164,Damyean Dotson,NYK,30,509,67,166,0.404,32,101,0.317,16,23,0.696,4,47,51,41,13,4,13,23,182,172,3.15,1.0
1628401,164,Derrick White,SAS,33,781,111,240,0.463,32,82,0.39,58,72,0.806,17,83,100,104,18,21,40,69,312,372,2.6,0.45
203953,168,Jabari Parker,ATL,32,837,198,393,0.504,31,115,0.27,53,72,0.736,54,137,191,58,42,15,60,93,480,512,0.97,0.7
202681,168,Kyrie Irving,BKN,11,372,112,252,0.444,31,91,0.341,59,63,0.937,10,49,59,79,12,6,26,32,314,300,3.04,0.46
201188,168,Marc Gasol,TOR,27,762,63,173,0.364,31,88,0.352,21,28,0.75,23,156,179,92,22,30,33,85,178,351,2.79,0.67
201158,168,Marco Belinelli,SAS,31,498,62,174,0.356,31,90,0.344,22,30,0.733,1,50,51,39,7,0,13,25,177,141,3.0,0.54
1629680,168,Matisse Thybulle,PHI,30,529,49,112,0.438,31,67,0.463,16,24,0.667,8,24,32,37,43,22,28,62,145,180,1.32,1.54
200794,168,Paul Millsap,DEN,32,798,132,282,0.468,31,75,0.413,85,96,0.885,64,122,186,45,28,22,42,90,380,458,1.07,0.67
1629598,174,Chris Clemons,HOU,22,201,41,96,0.427,30,77,0.39,3,4,0.75,2,14,16,16,6,4,12,18,115,89,1.33,0.5
201565,174,Derrick Rose,DET,31,769,215,442,0.486,30,92,0.326,75,86,0.872,16,51,67,177,28,11,76,31,535,504,2.33,0.37
201569,174,Eric Gordon,HOU,12,343,47,142,0.331,30,96,0.313,18,29,0.621,5,16,21,13,6,3,18,24,142,61,0.72,0.33
1629633,174,Jarrett Culver,MIN,34,792,115,314,0.366,30,125,0.24,27,66,0.409,41,74,115,69,36,23,42,74,287,250,1.64,0.86
1628371,174,Jonathan Isaac,ORL,32,949,149,322,0.463,30,91,0.33,56,73,0.767,57,165,222,44,50,78,47,79,384,541,0.94,1.06
1629065,174,Ky Bowman,GSW,34,769,104,249,0.418,30,82,0.366,24,27,0.889,17,73,90,98,32,5,44,77,262,295,2.23,0.73
1629638,174,Nickeil Alexander-Walker,NOP,28,356,57,167,0.341,30,87,0.345,11,18,0.611,4,56,60,48,9,4,27,33,155,132,1.78,0.33
1713,174,Vince Carter,ATL,30,476,54,164,0.329,30,109,0.275,12,17,0.706,6,54,60,32,8,12,18,51,150,129,1.78,0.44
1628960,182,Grayson Allen,MEM,22,382,62,139,0.446,29,73,0.397,24,27,0.889,3,48,51,31,5,1,20,31,177,165,1.55,0.25
1629630,182,Ja Morant,MEM,31,909,200,419,0.477,29,72,0.403,117,146,0.801,18,80,98,204,30,9,101,54,546,538,2.02,0.3
201952,182,Jeff Teague,MIN,29,830,127,280,0.454,29,75,0.387,115,133,0.865,13,67,80,182,22,11,65,60,398,457,2.8,0.34
1628382,182,Justin Jackson,DAL,32,501,75,184,0.408,29,95,0.305,21,26,0.808,13,69,82,20,7,4,5,38,200,194,4.0,1.4
1626204,182,Larry Nance Jr.,CLE,31,754,97,197,0.492,29,86,0.337,26,39,0.667,51,166,217,47,25,15,30,48,249,410,1.57,0.83
1627756,187,Denzel Valentine,CHI,21,266,50,120,0.417,28,73,0.384,5,5,1.0,3,38,41,21,14,5,12,28,133,132,1.75,1.17
1628373,187,Frank Ntilikina,NYK,34,767,74,190,0.389,28,87,0.322,25,30,0.833,13,60,73,108,37,13,43,91,201,268,2.51,0.86
203476,187,Gorgui Dieng,MIN,31,551,82,186,0.441,28,75,0.373,38,47,0.809,52,131,183,38,28,33,26,60,230,373,1.46,1.08
1627853,187,Ryan Arcidiacono,CHI,34,511,45,117,0.385,28,69,0.406,18,24,0.75,14,44,58,52,14,2,18,55,136,166,2.89,0.78
203894,187,Shabazz Napier,MIN,22,469,73,180,0.406,28,99,0.283,42,51,0.824,6,47,53,92,26,6,43,31,216,234,2.14,0.61
1626168,187,Trey Lyles,SAS,35,598,62,153,0.405,28,83,0.337,15,22,0.682,41,163,204,43,9,11,21,44,167,315,2.05,0.43
1627846,193,Abdel Nader,OKC,28,470,63,135,0.467,27,71,0.38,26,33,0.788,8,38,46,18,9,10,25,38,179,158,0.72,0.36
203459,193,Allen Crabbe,ATL,24,449,48,128,0.375,27,84,0.321,9,12,0.75,8,47,55,24,13,3,11,30,132,133,2.18,1.18
201933,193,Blake Griffin,DET,18,512,88,250,0.352,27,111,0.243,76,98,0.776,17,67,84,59,7,7,40,27,279,212,1.48,0.18
1628973,193,Jalen Brunson,DAL,36,626,110,235,0.468,27,81,0.333,31,41,0.756,18,72,90,121,15,2,41,46,278,330,2.95,0.37
1629645,193,Kevin Porter Jr.,CLE,34,742,111,253,0.439,27,91,0.297,40,55,0.727,12,100,112,66,29,6,59,89,289,286,1.12,0.49
202330,198,Gordon Hayward,BOS,18,571,122,232,0.526,26,73,0.356,30,36,0.833,19,95,114,76,13,8,30,33,300,365,2.53,0.43
203584,198,Troy Daniels,LAL,26,317,40,103,0.388,26,74,0.351,4,7,0.571,4,24,28,8,7,1,7,18,110,81,1.14,1.0
1629647,200,Darius Bazley,OKC,36,616,54,152,0.355,25,78,0.321,17,26,0.654,13,124,137,18,14,23,32,37,150,203,0.56,0.44
1629026,200,Kenrich Williams,NOP,35,779,49,143,0.343,25,96,0.26,9,24,0.375,49,129,178,53,25,21,21,81,132,279,2.52,1.19
1626192,200,Pat Connaughton,MIL,35,629,68,155,0.439,25,81,0.309,16,23,0.696,24,127,151,66,12,19,28,37,177,303,2.36,0.43
201229,203,Anthony Tolliver,POR,27,443,29,85,0.341,24,70,0.343,12,16,0.75,16,59,75,23,8,7,20,39,94,127,1.15,0.4
202709,203,Cory Joseph,SAC,37,958,92,238,0.387,24,76,0.316,29,32,0.906,21,82,103,141,30,14,46,74,237,330,3.07,0.65
202710,203,Jimmy Butler,MIA,31,1096,181,422,0.429,24,89,0.27,247,301,0.821,65,149,214,205,63,17,81,41,633,756,2.53,0.78
1628966,203,Keita Bates-Diop,MIN,23,417,56,129,0.434,24,62,0.387,27,37,0.73,11,51,62,10,11,10,9,22,163,164,1.11,1.22
1629016,203,Omari Spellman,GSW,35,591,91,202,0.45,24,63,0.381,50,62,0.806,65,107,172,31,24,18,40,34,256,338,0.78,0.6
200765,203,Rajon Rondo,LAL,24,502,64,160,0.4,24,63,0.381,14,19,0.737,11,72,83,126,23,2,48,28,166,251,2.63,0.48
1626153,209,Delon Wright,DAL,34,690,95,192,0.495,23,57,0.404,44,52,0.846,30,89,119,110,46,12,27,40,257,412,4.07,1.7
1629018,209,Gary Trent Jr.,POR,24,290,35,92,0.38,23,59,0.39,4,4,1.0,5,20,25,11,8,3,7,20,97,80,1.57,1.14
202685,209,Jonas Valanciunas,MEM,34,852,213,355,0.6,23,49,0.469,55,74,0.743,89,244,333,68,10,32,71,90,504,715,0.96,0.14
1629740,209,Nicolo Melli,NOP,26,370,43,109,0.394,23,75,0.307,23,30,0.767,14,47,61,26,14,5,18,45,132,147,1.44,0.78
1628972,209,Troy Brown Jr.,WAS,33,837,129,284,0.454,23,75,0.307,50,64,0.781,41,151,192,70,44,4,39,62,331,433,1.8,1.13
203110,214,Draymond Green,GSW,27,784,87,217,0.401,22,79,0.278,47,63,0.746,16,154,170,152,40,18,62,67,243,415,2.45,0.65
1629006,214,Josh Okogie,MIN,33,789,80,210,0.381,22,85,0.259,74,97,0.763,43,107,150,47,30,14,50,70,256,294,0.94,0.6
1628964,214,Mo Bamba,ORL,33,511,77,171,0.45,22,66,0.333,13,20,0.65,48,126,174,21,11,44,31,62,189,307,0.68,0.36
1628420,214,Monte Morris,DEN,36,635,106,238,0.445,22,53,0.415,28,36,0.778,10,48,58,115,24,8,21,28,262,306,5.48,1.14
1629021,214,Moritz Wagner,WAS,21,429,93,160,0.581,22,56,0.393,36,43,0.837,34,93,127,28,15,13,43,81,244,310,0.65,0.35
201586,214,Serge Ibaka,TOR,26,666,151,308,0.49,22,65,0.338,54,70,0.771,59,155,214,31,12,25,50,69,378,437,0.62,0.24
1628425,214,Sterling Brown,MIL,27,427,49,128,0.383,22,67,0.328,20,27,0.741,15,85,100,27,17,3,26,31,140,175,1.04,0.65
1627936,221,Alex Caruso,LAL,33,647,66,151,0.437,21,64,0.328,32,43,0.744,9,59,68,57,36,8,30,51,185,228,1.9,1.2
1629672,221,Eric Paschall,GSW,33,913,174,355,0.49,21,73,0.288,93,120,0.775,43,106,149,57,14,10,52,61,462,432,1.1,0.27
201961,221,Wayne Ellington,NYK,19,263,26,82,0.317,21,70,0.3,4,6,0.667,1,30,31,17,5,2,12,20,77,62,1.42,0.42
1628971,224,Bruce Brown,DET,36,976,119,266,0.447,20,60,0.333,51,76,0.671,34,127,161,135,42,17,65,100,309,427,2.08,0.65
1628402,224,Frank Jackson,NOP,29,367,57,155,0.368,20,72,0.278,27,33,0.818,5,28,33,24,9,1,24,38,161,100,1.0,0.38
1626174,226,Christian Wood,DET,33,552,111,187,0.594,19,50,0.38,73,105,0.695,43,123,166,23,10,24,33,36,314,396,0.7,0.3
1628368,226,De'Aaron Fox,SAC,19,568,117,253,0.462,19,58,0.328,85,121,0.702,17,56,73,129,25,8,63,53,338,338,2.05,0.4
1627774,226,Jake Layman,MIN,14,369,61,132,0.462,19,54,0.352,6,10,0.6,12,29,41,11,12,10,18,31,147,128,0.61,0.67
203090,226,Maurice Harkless,LAC,38,874,86,169,0.509,19,56,0.339,20,36,0.556,38,109,147,41,41,27,34,95,211,334,1.21,1.21
204020,226,Tyler Johnson,PHX,24,428,52,138,0.377,19,66,0.288,20,26,0.769,9,39,48,45,8,7,20,34,143,139,2.25,0.4
1626145,226,Tyus Jones,MEM,37,728,97,221,0.439,19,60,0.317,22,30,0.733,5,56,61,180,34,4,37,28,235,345,4.87,0.92
1629726,232,Garrison Mathews,WAS,15,196,23,50,0.46,18,42,0.429,29,32,0.906,6,17,23,10,3,1,7,26,93,93,1.43,0.43
1629109,232,Gary Clark,HOU,18,212,23,59,0.39,18,51,0.353,6,7,0.857,11,29,40,12,2,7,2,21,70,92,6.0,1.0
1627739,232,Kris Dunn,CHI,37,893,107,253,0.423,18,77,0.234,26,36,0.722,19,109,128,121,74,13,42,129,258,396,2.88,1.76
1629741,232,Marko Guduric,MEM,27,385,47,127,0.37,18,64,0.281,15,17,0.882,12,42,54,37,9,6,28,25,127,123,1.32,0.32
1628969,232,Mikal Bridges,PHX,36,804,92,185,0.497,18,61,0.295,52,63,0.825,31,110,141,48,49,14,30,71,254,372,1.6,1.63
1626203,232,Treveon Graham,MIN,29,612,57,163,0.35,18,78,0.231,25,35,0.714,28,65,93,26,16,2,16,60,157,162,1.63,1.0
1629035,238,Carsen Edwards,BOS,25,252,27,88,0.307,17,54,0.315,11,13,0.846,5,34,39,18,8,2,13,23,82,73,1.39,0.62
203469,238,Cody Zeller,CHA,36,834,161,297,0.542,17,57,0.298,81,116,0.698,105,159,264,43,22,15,52,92,420,541,0.83,0.42
1628381,238,John Collins,ATL,11,338,79,154,0.513,17,47,0.362,23,29,0.793,21,81,102,19,10,20,19,35,198,249,1.0,0.53
1628365,238,Markelle Fultz,ORL,36,955,168,366,0.459,17,67,0.254,58,78,0.744,14,93,107,159,45,7,69,71,411,442,2.3,0.65
201577,238,Robin Lopez,MIL,38,558,94,181,0.519,17,60,0.283,18,37,0.486,40,67,107,26,6,28,37,52,223,247,0.7,0.16
203585,238,Rodney McGruder,LAC,26,437,37,94,0.394,17,54,0.315,7,14,0.5,15,59,74,16,13,6,9,44,98,134,1.78,1.44
1628400,238,Semi Ojeleye,BOS,32,466,28,73,0.384,17,46,0.37,7,10,0.7,10,47,57,15,12,2,6,37,80,112,2.5,2.0
1629634,245,Brandon Clarke,MEM,31,661,167,262,0.637,16,37,0.432,40,52,0.769,41,133,174,42,13,26,30,48,390,508,1.4,0.43
1628449,245,Chris Boucher,TOR,33,436,69,151,0.457,16,51,0.314,48,65,0.738,67,81,148,14,11,28,13,52,202,291,1.08,0.85
1626144,245,Emmanuel Mudiay,UTA,33,547,96,202,0.475,16,47,0.34,36,47,0.766,11,75,86,77,11,7,51,51,244,257,1.51,0.22
200826,245,J.J. Barea,DAL,11,179,39,88,0.443,16,36,0.444,5,5,1.0,4,16,20,38,3,1,15,6,99,97,2.53,0.2
1628975,245,Jevon Carter,PHX,24,327,30,82,0.366,16,46,0.348,6,8,0.75,11,35,46,37,20,7,19,35,82,119,1.95,1.05
1629008,245,Michael Porter Jr.,DEN,27,289,67,124,0.54,16,43,0.372,12,17,0.706,24,54,78,13,3,11,19,38,162,186,0.68,0.16
203490,245,Otto Porter Jr.,CHI,9,226,35,84,0.417,16,40,0.4,15,20,0.75,8,23,31,14,9,3,7,20,101,97,2.0,1.29
203526,245,Raul Neto,PHI,30,335,48,98,0.49,16,38,0.421,6,8,0.75,5,26,31,44,14,2,26,22,118,131,1.69,0.54
1629019,253,Allonzo Trier,NYK,16,205,34,66,0.515,15,37,0.405,31,39,0.795,1,21,22,21,2,4,20,23,114,103,1.05,0.1
202954,253,Brad Wanamaker,BOS,34,637,70,165,0.424,15,46,0.326,63,70,0.9,12,59,71,93,24,9,41,63,218,272,2.27,0.59
1627747,253,Caris LeVert,BKN,10,300,64,147,0.435,15,38,0.395,21,33,0.636,10,35,45,37,6,1,34,20,164,124,1.09,0.18
1629001,253,De'Anthony Melton,MEM,26,436,68,150,0.453,15,45,0.333,47,53,0.887,21,79,100,75,34,7,38,50,198,288,1.97,0.9
1627749,253,Dejounte Murray,SAS,31,738,132,271,0.487,15,43,0.349,46,58,0.793,37,143,180,128,54,9,68,74,325,477,1.88,0.79
1629059,253,Elie Okobo,PHX,27,304,44,100,0.44,15,38,0.395,29,45,0.644,5,26,31,59,12,3,11,21,132,154,5.36,1.09
1629010,253,Jerome Robinson,LAC,30,357,38,108,0.352,15,53,0.283,10,17,0.588,4,43,47,29,8,7,21,42,101,94,1.38,0.38
1629103,253,Kelan Martin,MIN,16,281,38,104,0.365,15,55,0.273,5,5,1.0,4,51,55,9,3,5,6,32,96,96,1.5,0.5
203488,253,Mike Muscala,OKC,22,221,22,71,0.31,15,54,0.278,9,10,0.9,8,34,42,15,4,3,6,25,68,76,2.5,0.67
203504,253,Trey Burke,PHI,19,284,55,111,0.495,15,32,0.469,13,17,0.765,13,18,31,47,7,1,11,18,138,153,4.27,0.64
203458,263,Alex Len,ATL,35,647,124,224,0.554,14,49,0.286,46,72,0.639,55,136,191,41,18,28,33,80,308,427,1.24,0.55
202340,263,Avery Bradley,LAL,22,528,76,169,0.45,14,59,0.237,9,12,0.75,13,42,55,27,21,2,27,53,175,157,1.0,0.78
1628407,263,Dwayne Bacon,CHA,29,501,65,196,0.332,14,53,0.264,29,42,0.69,12,59,71,35,19,2,25,37,173,131,1.4,0.76
1629744,263,Matt Thomas,TOR,12,136,20,37,0.541,14,26,0.538,3,5,0.6,1,12,13,4,4,0,4,12,57,55,1.0,1.0
1627775,263,Patrick McCaw,TOR,15,394,37,84,0.44,14,39,0.359,4,6,0.667,8,29,37,28,17,1,16,26,92,110,1.75,1.06
1629033,263,Theo Pinson,BKN,24,318,42,142,0.296,14,71,0.197,15,16,0.938,9,36,45,46,11,2,31,31,113,85,1.48,0.36
202688,269,Brandon Knight,CLE,11,137,18,55,0.327,13,41,0.317,3,9,0.333,2,10,12,19,5,1,10,11,52,36,1.9,0.5
1628021,270,David Nwaba,BKN,20,268,37,71,0.521,12,28,0.429,18,27,0.667,8,37,45,8,11,12,8,32,104,129,1.0,1.38
1627761,270,DeAndre' Bembry,ATL,36,788,92,197,0.467,12,52,0.231,21,41,0.512,31,106,137,72,44,16,48,67,217,313,1.5,0.92
1628372,270,Dennis Smith Jr.,NYK,21,339,41,126,0.325,12,41,0.293,15,30,0.5,13,31,44,57,10,7,30,44,109,97,1.9,0.33
1627884,270,Derrick Jones Jr.,MIA,22,535,70,144,0.486,12,53,0.226,37,50,0.74,18,67,85,21,26,13,17,53,189,230,1.24,1.53
1627823,270,Juancho Hernangomez,DEN,22,266,25,70,0.357,12,45,0.267,8,15,0.533,12,38,50,15,1,3,10,16,70,77,1.5,0.1
1629022,270,Lonnie Walker IV,SAS,27,312,59,131,0.45,12,33,0.364,18,28,0.643,12,43,55,16,8,4,18,32,148,131,0.89,0.44
1626188,270,Quinn Cook,LAL,22,286,43,104,0.413,12,38,0.316,4,5,0.8,4,21,25,31,6,1,19,14,102,84,1.63,0.32
1629678,277,Admiral Schofield,WAS,22,243,21,57,0.368,11,37,0.297,9,12,0.75,4,23,27,12,7,3,7,37,62,65,1.71,1.0
101139,277,CJ Miles,WAS,10,161,19,59,0.322,11,35,0.314,15,20,0.75,4,8,12,12,10,4,4,14,64,53,3.0,2.5
1628391,277,D.J. Wilson,MIL,21,210,31,70,0.443,11,42,0.262,2,3,0.667,6,36,42,14,0,3,11,17,75,83,1.27,0.0
203473,277,Dewayne Dedmon,SAC,23,312,44,105,0.419,11,48,0.229,11,13,0.846,26,62,88,8,9,12,32,55,110,132,0.25,0.28
1629058,277,Dzanan Musa,BKN,26,340,40,113,0.354,11,53,0.208,27,35,0.771,10,41,51,27,10,1,24,19,118,102,1.13,0.42
1626209,277,Mario Hezonja,POR,27,451,43,113,0.381,11,37,0.297,27,33,0.818,16,93,109,23,16,4,21,60,124,179,1.1,0.76
201587,277,Nicolas Batum,CHA,16,357,20,54,0.37,11,36,0.306,6,6,1.0,18,47,65,48,13,8,19,32,57,138,2.53,0.68
1627812,277,Yogi Ferrell,SAC,28,369,48,118,0.407,11,42,0.262,28,32,0.875,4,32,36,46,10,3,19,23,135,137,2.42,0.53
1627734,285,Domantas Sabonis,IND,35,1200,250,479,0.522,10,39,0.256,112,156,0.718,119,337,456,147,31,21,91,119,622,913,1.62,0.34
201162,285,Jared Dudley,LAL,23,180,11,28,0.393,10,19,0.526,2,2,1.0,3,17,20,14,8,1,3,20,34,57,4.67,2.67
1629066,285,Rodions Kurucs,BKN,20,229,26,61,0.426,10,26,0.385,8,14,0.571,10,36,46,13,8,2,22,34,70,76,0.59,0.36
1629060,285,Rui Hachimura,WAS,25,729,146,303,0.482,10,48,0.208,46,54,0.852,39,106,145,40,18,3,20,57,348,369,2.0,0.9
1629151,285,Ryan Broekhoff,DAL,10,77,11,25,0.44,10,20,0.5,5,6,0.833,1,13,14,4,2,1,2,7,37,41,2.0,1.0
1628418,285,Thomas Bryant,WAS,18,511,101,184,0.549,10,35,0.286,39,53,0.736,42,111,153,48,8,18,24,44,251,357,2.0,0.33
204025,285,Tim Frazier,DET,23,299,33,84,0.393,10,26,0.385,18,22,0.818,8,18,26,80,13,3,28,35,94,133,2.86,0.46
1627789,285,Timothe Luwawu-Cabarrot,BKN,13,231,22,59,0.373,10,30,0.333,14,19,0.737,7,22,29,10,6,1,14,25,68,58,0.71,0.43
202329,293,Al-Farouq Aminu,ORL,18,380,25,86,0.291,9,36,0.25,19,29,0.655,24,63,87,21,18,8,17,27,78,124,1.24,1.06
1628464,293,Daniel Theis,BOS,31,674,91,179,0.508,9,34,0.265,31,44,0.705,56,133,189,43,18,46,26,101,222,391,1.65,0.69
203957,293,Dante Exum,CLE,17,183,32,58,0.552,9,18,0.5,13,17,0.765,3,21,24,15,6,2,18,14,86,85,0.83,0.33
1628476,293,Derrick Walton Jr.,LAC,19,205,17,34,0.5,9,20,0.45,6,7,0.857,2,12,14,20,4,0,4,18,49,65,5.0,1.0
203939,293,Dwight Powell,DAL,33,877,110,181,0.608,9,34,0.265,58,87,0.667,59,120,179,47,31,20,28,87,287,436,1.68,1.11
203901,293,Elfrid Payton,NYK,18,440,60,151,0.397,9,34,0.265,14,27,0.519,21,48,69,109,25,6,32,37,143,216,3.41,0.78
1629675,293,Naz Reid,MIN,6,74,19,46,0.413,9,26,0.346,1,5,0.2,4,11,15,6,4,3,6,12,48,39,1.0,0.67
201939,293,Stephen Curry,GSW,4,112,27,66,0.409,9,37,0.243,18,18,1.0,4,16,20,26,5,2,15,10,81,80,1.73,0.33
1627748,293,Thon Maker,DET,35,385,41,80,0.513,9,24,0.375,38,61,0.623,22,46,68,15,11,18,23,49,129,156,0.65,0.48
1628035,302,Alfonzo McKinnie,CLE,23,252,24,68,0.353,8,28,0.286,7,11,0.636,15,34,49,4,8,3,11,27,63,68,0.36,0.73
1628998,302,Cody Martin,CHA,29,427,40,98,0.408,8,38,0.211,29,42,0.69,17,59,76,34,22,5,17,43,117,166,2.0,1.29
1629684,302,Grant Williams,BOS,32,496,38,100,0.38,8,45,0.178,22,32,0.688,24,51,75,31,13,16,24,71,106,145,1.29,0.54
202697,302,Iman Shumpert,BKN,13,241,21,64,0.328,8,33,0.242,4,7,0.571,9,25,34,12,12,2,10,21,54,58,1.2,1.2
1628980,302,Jacob Evans,GSW,17,255,25,81,0.309,8,21,0.381,18,21,0.857,4,22,26,16,4,6,18,25,76,51,0.89,0.22
200757,302,Thabo Sefolosha,HOU,23,227,16,48,0.333,8,29,0.276,0,1,0.0,12,36,48,15,9,4,7,21,40,76,2.14,1.29
1628470,302,Torrey Craig,DEN,24,295,26,68,0.382,8,34,0.235,7,13,0.538,14,35,49,15,7,13,9,44,67,94,1.67,0.78
1629185,309,Chris Chiozza,BKN,10,123,10,34,0.294,7,16,0.438,0,0,0.0,0,15,15,28,10,2,9,12,27,49,3.11,1.11
201584,309,Courtney Lee,DAL,9,72,13,22,0.591,7,12,0.583,0,0,0.0,0,3,3,3,0,2,2,6,33,30,1.5,0.0
201942,309,DeMar DeRozan,SAS,35,1185,296,559,0.53,7,23,0.304,161,198,0.813,20,160,180,173,33,12,87,99,760,771,1.99,0.38
1628436,309,Luke Kornet,CHI,17,151,17,50,0.34,7,29,0.241,5,5,1.0,6,18,24,6,2,11,3,13,46,53,2.0,0.67
203521,309,Matthew Dellavedova,CLE,34,438,32,102,0.314,7,56,0.125,21,22,0.955,12,33,45,87,13,1,26,52,92,141,3.35,0.5
203487,309,Michael Carter-Williams,ORL,19,310,35,93,0.376,7,30,0.233,22,31,0.71,18,42,60,38,20,8,17,27,99,141,2.24,1.18
201163,309,Wilson Chandler,BKN,10,210,26,58,0.448,7,30,0.233,7,8,0.875,3,46,49,15,7,4,12,20,66,96,1.25,0.58
1629164,316,Brandon Goodwin,ATL,8,87,16,35,0.457,6,14,0.429,7,7,1.0,2,11,13,12,5,2,5,7,45,53,2.4,1.0
1627780,316,Gary Payton II,WAS,8,190,20,47,0.426,6,18,0.333,2,4,0.5,10,28,38,24,18,3,10,15,48,92,2.4,1.8
1629067,316,Isaac Bonga,WAS,31,501,47,93,0.505,6,21,0.286,27,36,0.75,29,62,91,32,19,8,17,65,127,205,1.88,1.12
1629713,316,Justin James,SAC,19,180,25,62,0.403,6,21,0.286,3,11,0.273,4,22,26,11,5,8,7,13,59,57,1.57,0.71
1626159,316,Justise Winslow,MIA,10,337,50,127,0.394,6,26,0.231,18,27,0.667,16,55,71,43,6,4,23,36,124,139,1.87,0.26
203937,316,Kyle Anderson,MEM,31,541,63,139,0.453,6,26,0.231,26,41,0.634,32,96,128,71,20,14,26,46,158,274,2.73,0.77
203124,316,Kyle O'Quinn,PHI,19,195,26,53,0.491,6,18,0.333,3,8,0.375,22,49,71,28,2,15,17,25,61,128,1.65,0.12
1629662,316,Mfiondu Kabengele,LAC,10,44,10,22,0.455,6,12,0.5,3,3,1.0,1,7,8,1,1,1,1,6,29,27,1.0,1.0
1629660,316,Ty Jerome,PHX,10,134,16,49,0.327,6,20,0.3,4,5,0.8,3,14,17,22,11,0,9,13,42,49,2.44,1.22
1628976,316,Wendell Carter Jr.,CHI,37,1109,166,309,0.537,6,28,0.214,95,129,0.736,130,236,366,44,30,33,62,142,433,667,0.71,0.48
1628990,326,Chandler Hutchison,CHI,10,159,20,44,0.455,5,12,0.417,19,29,0.655,1,32,33,8,5,2,12,12,64,66,0.67,0.42
1629126,326,Deonte Burton,OKC,19,156,17,51,0.333,5,25,0.2,3,5,0.6,4,21,25,6,1,3,5,17,42,36,1.2,0.2
1626259,326,Malcolm Miller,TOR,20,110,6,19,0.316,5,15,0.333,1,6,0.167,1,13,14,8,4,2,3,10,18,25,2.67,1.33
1627737,326,Marquese Chriss,GSW,37,655,97,200,0.485,5,22,0.227,73,96,0.76,69,132,201,70,22,33,52,72,272,420,1.35,0.42
203077,326,Michael Kidd-Gilchrist,CHA,11,151,17,51,0.333,5,17,0.294,7,9,0.778,9,25,34,9,0,3,7,18,46,49,1.29,0.0
1629642,326,Nassir Little,POR,26,337,32,84,0.381,5,30,0.167,17,26,0.654,22,52,74,14,8,7,11,40,86,117,1.27,0.73
203493,326,Reggie Bullock,NYK,3,59,12,25,0.48,5,11,0.455,0,0,0.0,2,3,5,2,5,0,0,6,29,28,0.0,0.0
1629635,326,Sekou Doumbouya,DET,10,123,18,44,0.409,5,18,0.278,5,9,0.556,4,26,30,2,4,2,4,18,46,50,0.5,1.0
1629003,326,Shake Milton,PHI,11,99,15,41,0.366,5,22,0.227,10,13,0.769,2,13,15,8,1,1,13,15,45,28,0.62,0.08
1628388,326,TJ Leaf,IND,21,177,27,65,0.415,5,14,0.357,6,10,0.6,20,39,59,6,7,3,6,16,65,92,1.0,1.17
203998,336,Bruno Caboclo,MEM,21,190,28,68,0.412,4,25,0.16,2,3,0.667,17,27,44,10,10,12,7,23,62,90,1.43,1.43
1628981,336,Bruno Fernando,ATL,36,429,55,115,0.478,4,27,0.148,21,34,0.618,38,72,110,36,9,12,29,63,135,200,1.24,0.31
202718,336,Chandler Parsons,ATL,5,54,5,18,0.278,4,14,0.286,0,0,0.0,1,6,7,3,4,1,3,3,14,13,1.0,1.33
1628410,336,Edmond Sumner,IND,13,185,22,55,0.4,4,16,0.25,4,7,0.571,7,11,18,20,8,4,7,22,52,59,2.86,1.14
1629048,336,Goga Bitadze,IND,28,275,34,74,0.459,4,19,0.211,16,23,0.696,19,49,68,15,1,24,14,42,88,135,1.07,0.07
201949,336,James Johnson,MIA,7,90,12,23,0.522,4,11,0.364,4,8,0.5,4,13,17,6,3,4,5,7,32,42,1.2,0.6
1629162,336,Jordan McLaughlin,MIN,6,94,11,32,0.344,4,15,0.267,4,4,1.0,1,9,10,16,5,0,5,6,30,35,3.2,1.0
1627885,336,Shaquille Harrison,CHI,22,176,22,57,0.386,4,13,0.308,13,20,0.65,7,27,34,24,11,6,6,21,61,88,4.0,1.83
204456,336,T.J. McConnell,IND,35,655,111,217,0.512,4,11,0.364,19,23,0.826,19,75,94,185,22,5,50,37,245,391,3.7,0.44
1628411,336,Wes Iwundu,ORL,23,379,30,87,0.345,4,24,0.167,30,34,0.882,12,46,58,20,13,7,12,30,94,119,1.67,1.08
201960,346,DeMarre Carroll,SAS,14,133,9,29,0.31,3,13,0.231,11,18,0.611,7,23,30,11,2,2,10,19,32,40,1.1,0.2
101133,346,Ian Mahinmi,WAS,16,344,44,85,0.518,3,13,0.231,30,54,0.556,37,54,91,19,12,26,23,48,121,181,0.83,0.52
1629750,346,Javonte Green,BOS,27,209,33,59,0.559,3,14,0.214,6,9,0.667,8,29,37,8,7,4,10,20,75,92,0.8,0.7
1629620,346,Justin Robinson,WAS,9,49,5,12,0.417,3,5,0.6,0,0,0.0,1,4,5,7,0,1,3,2,13,16,2.33,0.0
1628443,346,Kadeem Allen,NYK,3,37,7,16,0.438,3,5,0.6,1,3,0.333,1,2,3,8,2,0,5,3,18,15,1.6,0.4
1628963,346,Marvin Bagley III,SAC,9,212,50,109,0.459,3,14,0.214,20,25,0.8,18,44,62,6,4,8,13,26,123,126,0.46,0.31
1628982,346,Melvin Frazier Jr.,ORL,10,37,4,14,0.286,3,6,0.5,1,2,0.5,1,2,3,1,2,1,1,7,12,7,1.0,2.0
1627746,346,Skal Labissiere,POR,33,567,81,147,0.551,3,13,0.231,25,33,0.758,65,104,169,42,7,31,30,89,190,335,1.4,0.23
202684,346,Tristan Thompson,CLE,34,1065,177,356,0.497,3,7,0.429,63,106,0.594,133,216,349,73,26,32,65,78,420,613,1.12,0.4
1628380,346,Zach Collins,POR,3,86,9,19,0.474,3,7,0.429,6,6,1.0,4,8,12,6,0,2,6,11,27,31,1.0,0.0
1627732,356,Ben Simmons,PHI,36,1273,219,389,0.563,2,5,0.4,98,166,0.59,67,203,270,309,78,26,130,123,538,853,2.38,0.6
1627745,356,Damian Jones,ATL,33,554,85,124,0.685,2,6,0.333,41,57,0.719,49,74,123,22,13,27,18,101,213,325,1.22,0.72
1627733,356,Dragan Bender,MIL,3,29,6,8,0.75,2,4,0.5,1,1,1.0,0,2,2,3,0,2,1,6,15,19,3.0,0.0
1628977,356,Hamidou Diallo,OKC,16,329,55,117,0.47,2,15,0.133,18,27,0.667,16,39,55,12,20,5,16,39,130,135,0.75,1.25
203960,356,JaKarr Sampson,IND,11,172,24,42,0.571,2,10,0.2,2,7,0.286,7,21,28,4,5,6,6,24,52,66,0.67,0.83
201580,356,JaVale McGee,LAL,36,596,111,177,0.627,2,2,1.0,25,39,0.641,69,138,207,24,18,60,27,87,249,451,0.89,0.67
1629669,356,Jaylen Nowell,MIN,7,81,11,31,0.355,2,17,0.118,7,8,0.875,2,3,5,6,0,1,3,3,31,19,2.0,0.0
203089,356,John Henson,CLE,18,236,34,63,0.54,2,14,0.143,7,18,0.389,19,48,67,26,11,22,13,28,77,150,2.0,0.85
1628513,356,Naz Mitrou-Long,IND,3,43,6,16,0.375,2,11,0.182,0,0,0.0,0,6,6,7,1,1,2,1,14,17,3.5,0.5
1629641,356,Romeo Langford,BOS,9,92,7,18,0.389,2,9,0.222,5,6,0.833,4,4,8,2,3,2,2,6,21,22,1.0,1.5
1626178,356,Rondae Hollis-Jefferson,TOR,28,573,89,182,0.489,2,11,0.182,60,79,0.759,62,85,147,43,24,11,30,59,240,323,1.43,0.8
201959,356,Taj Gibson,NYK,33,523,66,135,0.489,2,10,0.2,12,20,0.6,57,85,142,36,19,12,27,73,146,251,1.33,0.7
1629611,356,Terance Mann,LAC,22,203,21,42,0.5,2,9,0.222,8,10,0.8,3,22,25,28,6,3,12,26,52,79,2.33,0.5
1629682,356,Tremont Waters,BOS,5,39,8,20,0.4,2,11,0.182,4,4,1.0,0,3,3,5,3,2,5,4,22,18,1.0,0.6
1626195,356,Willy Hernangomez,CHA,12,72,12,30,0.4,2,8,0.25,6,13,0.462,11,15,26,4,1,3,6,5,32,35,0.67,0.17
1629346,371,Alen Smailagic,GSW,5,57,9,18,0.5,1,6,0.167,6,7,0.857,3,9,12,4,1,2,1,7,25,33,4.0,1.0
1629599,371,Amir Coffey,LAC,2,5,2,3,0.667,1,2,0.5,0,0,0.0,0,0,0,1,0,0,0,1,5,5,0.0,0.0
1628389,371,Bam Adebayo,MIA,36,1240,213,367,0.58,1,9,0.111,136,201,0.677,96,287,383,161,48,44,104,96,563,876,1.55,0.46
1629718,371,Charles Brown Jr.,ATL,4,16,1,3,0.333,1,1,1.0,4,4,1.0,2,1,3,0,0,1,0,0,7,9,0.0,0.0
1627767,371,Cheick Diallo,PHX,23,215,46,69,0.667,1,1,1.0,18,21,0.857,15,47,62,12,3,4,12,23,111,154,1.0,0.25
1629133,371,Daryl Macon,MIA,4,14,1,3,0.333,1,2,0.5,0,0,0.0,0,0,0,1,0,0,2,1,3,0,0.5,0.0
1629731,371,Dean Wade,CLE,4,21,2,3,0.667,1,1,1.0,0,0,0.0,1,3,4,0,1,0,1,4,5,8,0.0,1.0
202324,371,Derrick Favors,NOP,21,506,86,149,0.577,1,4,0.25,14,25,0.56,73,142,215,46,10,23,27,49,187,380,1.7,0.37
2730,371,Dwight Howard,LAL,36,701,104,141,0.738,1,3,0.333,46,95,0.484,82,161,243,23,14,51,44,119,255,456,0.52,0.32
202683,371,Enes Kanter,BOS,27,490,102,180,0.567,1,4,0.25,36,54,0.667,85,135,220,30,15,25,26,47,241,409,1.15,0.58
1628412,371,Frank Mason,MIL,4,18,1,7,0.143,1,4,0.25,2,4,0.5,1,1,2,5,1,0,1,2,5,4,5.0,1.0
202355,371,Hassan Whiteside,POR,34,1011,221,366,0.604,1,2,0.5,96,124,0.774,138,335,473,42,15,95,66,102,539,925,0.64,0.23
1629649,371,Ignas Brazdeikis,NYK,8,48,5,20,0.25,1,8,0.125,3,4,0.75,2,3,5,2,0,1,2,3,14,4,1.0,0.0
1626143,371,Jahlil Okafor,NOP,21,344,66,108,0.611,1,2,0.5,30,47,0.638,34,59,93,29,5,15,31,55,163,215,0.94,0.16
1629637,371,Jaxson Hayes,NOP,34,671,101,159,0.635,1,4,0.25,67,103,0.65,61,88,149,32,20,37,29,98,270,385,1.1,0.69
1628405,371,Johnathan Motley,LAC,7,17,3,5,0.6,1,1,1.0,2,2,1.0,1,1,2,5,3,0,4,5,9,13,1.25,0.75
1628395,371,Jordan Bell,MIN,22,206,27,53,0.509,1,7,0.143,16,25,0.64,25,43,68,13,2,9,17,14,71,111,0.77,0.12
1626172,371,Kevon Looney,GSW,10,105,11,32,0.344,1,2,0.5,3,5,0.6,15,14,29,4,3,2,6,17,26,35,0.67,0.5
1629663,371,Louis King,DET,4,12,3,7,0.429,1,3,0.333,0,0,0.0,1,1,2,1,1,0,1,2,7,6,1.0,1.0
1629652,371,Luguentz Dort,OKC,7,115,8,25,0.32,1,14,0.071,6,10,0.6,1,9,10,3,2,0,3,18,23,14,1.0,0.67
203943,371,Noah Vonleh,MIN,23,292,37,69,0.536,1,13,0.077,20,24,0.833,28,65,93,23,9,6,17,31,95,173,1.35,0.53
1629052,371,Oshae Brissett,TOR,10,78,6,16,0.375,1,5,0.2,5,6,0.833,5,8,13,3,2,1,3,10,18,23,1.0,0.67
202704,371,Reggie Jackson,DET,2,36,4,11,0.364,1,5,0.2,1,1,1.0,1,4,5,8,0,0,1,2,10,15,8.0,0.0
201583,371,Ryan Anderson,HOU,2,14,2,7,0.286,1,5,0.2,0,0,0.0,0,7,7,2,1,0,1,1,5,9,2.0,1.0
1629044,371,Shamorie Ponds,TOR,4,11,3,5,0.6,1,2,0.5,2,2,1.0,0,1,1,2,0,1,0,2,9,11,0.0,0.0
1626169,371,Stanley Johnson,TOR,10,41,6,18,0.333,1,8,0.125,2,2,1.0,2,10,12,0,2,0,5,6,15,12,0.0,0.4
1627820,371,Tyrone Wallace,ATL,14,160,14,44,0.318,1,15,0.067,11,17,0.647,3,19,22,13,7,1,10,19,40,37,1.3,0.7
1629117,371,Wenyen Gabriel,SAC,10,59,5,16,0.313,1,8,0.125,5,9,0.556,4,6,10,3,3,2,5,7,16,14,0.6,0.6
1629139,371,Yuta Watanabe,MEM,4,18,3,6,0.5,1,2,0.5,0,0,0.0,1,4,5,0,0,1,1,1,7,9,0.0,0.0
1629690,400,Adam Mokoka,CHI,2,6,0,5,0.0,0,2,0.0,0,0,0.0,2,0,2,0,0,0,0,0,0,-3,0.0,0.0
1628993,400,Alize Johnson,IND,10,43,7,13,0.538,0,0,0.0,3,4,0.75,6,9,15,2,0,0,1,6,17,26,2.0,0.0
1628518,400,Amile Jefferson,ORL,11,41,3,6,0.5,0,0,0.0,2,6,0.333,5,8,13,4,0,2,2,4,8,18,2.0,0.0
203083,400,Andre Drummond,DET,35,1177,249,474,0.525,0,19,0.0,110,175,0.629,150,406,556,92,70,65,125,133,608,976,0.74,0.56
1627790,400,Ante Zizic,CLE,13,126,24,40,0.6,0,0,0.0,12,14,0.857,12,27,39,2,4,3,4,14,60,86,0.5,1.0
1628394,400,Anzejs Pasecniks,WAS,11,231,34,66,0.515,0,1,0.0,17,29,0.586,26,43,69,11,4,4,13,42,85,116,0.85,0.31
1629168,400,BJ Johnson,ORL,1,3,0,0,0.0,0,0,0.0,0,0,0.0,0,0,0,0,0,0,0,0,0,0,0.0,0.0
202687,400,Bismack Biyombo,CHA,37,721,116,206,0.563,0,0,0.0,64,106,0.604,86,131,217,31,7,28,28,80,296,419,1.11,0.25
1626246,400,Boban Marjanovic,DAL,18,170,38,70,0.543,0,4,0.0,14,20,0.7,19,54,73,8,2,3,14,29,90,124,0.57,0.14
1628968,400,Brian Bowen II,IND,3,10,1,4,0.25,0,1,0.0,0,0,0.0,0,1,1,0,0,1,0,0,2,1,0.0,0.0
1628997,400,Caleb Martin,CHA,5,32,3,10,0.3,0,3,0.0,3,5,0.6,1,4,5,3,1,2,3,3,9,8,1.0,0.33
1628403,400,Caleb Swanigan,SAC,6,20,2,4,0.5,0,0,0.0,1,2,0.5,2,5,7,1,1,2,5,6,5,8,0.2,0.2
1629002,400,Chimezie Metu,SAS,11,41,13,22,0.591,0,0,0.0,4,6,0.667,8,9,17,3,1,3,1,1,30,42,3.0,1.0
1629735,400,Chris Silva,MIA,29,247,38,55,0.691,0,2,0.0,28,41,0.683,46,46,92,15,6,16,29,64,104,174,0.52,0.21
203991,400,Clint Capela,HOU,29,973,189,293,0.645,0,0,0.0,42,82,0.512,114,298,412,35,29,53,46,79,420,759,0.76,0.63
1629610,400,DaQuan Jeffries,SAC,2,11,1,1,1.0,0,0,0.0,0,0,0.0,1,0,1,1,0,0,0,1,2,4,0.0,0.0
1629655,400,Daniel Gafford,CHI,27,323,55,80,0.688,0,0,0.0,15,30,0.5,29,31,60,10,4,36,10,47,125,185,1.0,0.4
201599,400,DeAndre Jordan,BKN,32,679,102,157,0.65,0,0,0.0,49,72,0.681,76,239,315,68,13,33,39,64,253,565,1.74,0.33
1629028,400,Deandre Ayton,PHX,6,178,40,80,0.5,0,1,0.0,7,9,0.778,22,52,74,14,3,9,9,20,87,136,1.56,0.33
1628985,400,Devon Hall,OKC,5,20,1,5,0.2,0,2,0.0,3,4,0.75,0,1,1,3,0,0,1,1,5,3,3.0,0.0
1629608,400,Dewan Hernandez,TOR,4,11,1,5,0.2,0,1,0.0,2,2,1.0,2,5,7,0,1,0,1,6,4,7,0.0,1.0
1629234,400,Drew Eubanks,SAS,5,34,8,13,0.615,0,0,0.0,1,1,1.0,6,10,16,2,0,1,4,4,17,27,0.5,0.0
202334,400,Ed Davis,UTA,19,219,11,28,0.393,0,0,0.0,4,9,0.444,21,60,81,8,9,8,12,46,26,98,0.67,0.75
202323,400,Evan Turner,ATL,18,230,24,63,0.381,0,5,0.0,12,14,0.857,7,29,36,36,8,8,25,18,60,82,1.44,0.32
1628385,400,Harry Giles III,SAC,12,127,23,54,0.426,0,0,0.0,9,10,0.9,7,20,27,15,8,4,15,30,55,62,1.0,0.53
1627740,400,Henry Ellenson,BKN,5,15,1,7,0.143,0,4,0.0,0,0,0.0,2,4,6,1,0,0,0,1,2,3,0.0,0.0
1628392,400,Isaiah Hartenstein,HOU,13,191,30,44,0.682,0,1,0.0,15,21,0.714,20,42,62,11,5,7,12,31,75,128,0.92,0.42
1627826,400,Ivica Zubac,LAC,38,658,125,210,0.595,0,2,0.0,68,92,0.739,94,161,255,33,7,36,35,89,318,505,0.94,0.2
1627751,400,Jakob Poeltl,SAS,35,625,80,133,0.602,0,0,0.0,24,45,0.533,68,130,198,63,18,48,30,59,184,407,2.1,0.6
1629667,400,Jalen McDaniels,CHA,2,7,2,5,0.4,0,1,0.0,0,0,0.0,1,0,1,0,0,0,0,0,4,2,0.0,0.0
1629607,400,Jared Harper,PHX,1,2,0,1,0.0,0,1,0.0,0,0,0.0,0,0,0,0,0,0,0,0,0,-1,0.0,0.0
1629020,400,Jarred Vanderbilt,DEN,4,13,1,1,1.0,0,0,0.0,0,0,0.0,0,2,2,1,0,0,2,1,2,3,0.5,0.0
1629714,400,Jarrell Brantley,UTA,2,9,0,0,0.0,0,0,0.0,0,0,0.0,0,4,4,1,0,2,1,1,0,6,1.0,0.0
1628386,400,Jarrett Allen,BKN,35,924,156,240,0.65,0,2,0.0,92,144,0.639,117,229,346,43,26,46,42,87,404,687,1.02,0.62
1629658,400,Jaylen Hoard,POR,7,21,3,6,0.5,0,0,0.0,1,2,0.5,4,4,8,2,1,0,1,1,7,13,2.0,1.0
1629723,400,John Konchar,MEM,2,8,0,0,0.0,0,0,0.0,0,0,0.0,0,1,1,0,0,0,0,0,0,1,0.0,0.0
1629140,400,Johnathan Williams,WAS,6,123,15,22,0.682,0,1,0.0,3,5,0.6,13,25,38,6,1,5,2,7,33,72,3.0,0.5
1628413,400,Jonah Bolden,PHI,2,5,1,1,1.0,0,0,0.0,0,2,0.0,0,0,0,0,1,0,1,0,2,0,0.0,1.0
1629648,400,Jordan Bone,DET,3,6,2,5,0.4,0,1,0.0,0,0,0.0,0,0,0,0,0,0,2,2,4,-1,0.0,0.0
1627982,400,Josh Gray,NOP,2,23,1,2,0.5,0,0,0.0,0,0,0.0,1,1,2,2,0,0,5,1,2,0,0.4,0.0
203705,400,Josh Magette,ORL,6,15,3,8,0.375,0,0,0.0,1,2,0.5,1,2,3,2,2,0,4,0,7,4,0.5,0.5
1629729,400,Josh Reaves,DAL,2,1,0,1,0.0,0,0,0.0,0,0,0.0,0,0,0,0,0,0,0,0,0,-1,0.0,0.0
1626147,400,Justin Anderson,BKN,1,2,1,1,1.0,0,0,0.0,0,0,0.0,0,0,0,0,0,0,0,0,2,2,0.0,0.0
1628383,400,Justin Patton,OKC,2,9,1,3,0.333,0,1,0.0,0,0,0.0,0,2,2,0,0,0,1,4,2,1,0.0,0.0
1629752,400,Juwan Morgan,UTA,5,16,0,1,0.0,0,1,0.0,0,0,0.0,0,3,3,1,0,1,1,2,0,3,1.0,0.0
1629644,400,KZ Okpala,MIA,3,3,0,0,0.0,0,0,0.0,0,0,0.0,0,1,1,0,0,0,1,0,0,0,0.0,0.0
1629640,400,Keldon Johnson,SAS,2,7,1,4,0.25,0,0,0.0,0,0,0.0,0,2,2,0,0,0,0,0,2,1,0.0,0.0
1628987,400,Kevin Hervey,OKC,2,8,0,4,0.0,0,3,0.0,0,0,0.0,0,2,2,1,0,0,0,1,0,-1,0.0,0.0
203920,400,Khem Birch,ORL,23,487,34,70,0.486,0,1,0.0,19,38,0.5,42,70,112,24,11,16,14,51,87,181,1.71,0.79
1629017,400,Khyri Thomas,DET,2,6,0,0,0.0,0,0,0.0,1,2,0.5,0,0,0,0,0,0,0,0,1,0,0.0,0.0
1628961,400,Kostas Antetokounmpo,LAL,2,3,0,0,0.0,0,0,0.0,0,0,0.0,0,1,1,0,0,0,0,0,0,1,0.0,0.0
203486,400,Mason Plumlee,DEN,36,619,98,171,0.573,0,4,0.0,49,88,0.557,63,134,197,83,20,24,53,78,245,404,1.57,0.38
1629622,400,Max Strus,CHI,2,6,2,3,0.667,0,1,0.0,1,1,1.0,1,0,1,0,0,0,0,1,5,5,0.0,0.0
1629011,400,Mitchell Robinson,NYK,32,724,138,196,0.704,0,0,0.0,54,88,0.614,99,125,224,16,25,61,20,111,330,544,0.8,1.25
1629671,400,Miye Oni,UTA,3,8,0,0,0.0,0,0,0.0,0,0,0.0,0,1,1,0,0,0,1,0,0,0,0.0,0.0
1626149,400,Montrezl Harrell,LAC,37,1078,292,510,0.573,0,13,0.0,134,204,0.657,108,163,271,69,25,41,71,85,718,765,0.97,0.35
1629650,400,Moses Brown,POR,6,21,4,9,0.444,0,0,0.0,2,4,0.5,2,8,10,0,1,0,2,4,10,12,0.0,0.5
203457,400,Nerlens Noel,OKC,34,625,101,153,0.66,0,0,0.0,59,73,0.808,57,116,173,42,36,52,35,85,261,463,1.2,1.03
1629651,400,Nicolas Claxton,BKN,10,120,11,22,0.5,0,5,0.0,5,12,0.417,8,14,22,11,1,5,6,10,27,42,1.83,0.17
1628430,400,Nigel Williams-Goss,UTA,8,24,0,5,0.0,0,1,0.0,2,2,1.0,2,2,4,4,1,1,2,1,2,5,2.0,0.5
203658,400,Norvel Pelle,PHI,8,76,7,12,0.583,0,0,0.0,4,6,0.667,5,17,22,5,0,10,6,16,18,42,0.83,0.0
1629730,400,Rayjon Tucker,UTA,3,12,3,5,0.6,0,2,0.0,1,3,0.333,1,1,2,0,0,0,0,0,7,5,0.0,0.0
1626158,400,Richaun Holmes,SAC,37,1087,204,309,0.66,0,0,0.0,76,93,0.817,113,201,314,37,39,52,46,144,484,758,0.8,0.85
1629057,400,Robert Williams III,BOS,19,269,33,49,0.673,0,0,0.0,8,14,0.571,23,64,87,21,17,21,16,34,74,182,1.31,1.06
203497,400,Rudy Gobert,UTA,34,1175,193,290,0.666,0,0,0.0,108,178,0.607,124,365,489,50,24,62,70,106,494,882,0.71,0.34
1629742,400,Stanton Kidd,UTA,4,15,0,3,0.0,0,1,0.0,0,0,0.0,0,3,3,1,0,0,2,3,0,-1,0.5,0.0
203500,400,Steven Adams,OKC,33,927,166,272,0.61,0,1,0.0,63,113,0.558,124,208,332,89,20,40,49,66,395,671,1.82,0.41
1629605,400,Tacko Fall,BOS,3,11,6,8,0.75,0,0,0.0,1,2,0.5,0,7,7,0,0,2,3,3,13,16,0.0,0.0
1629659,400,Talen Horton-Tucker,LAL,2,5,0,1,0.0,0,1,0.0,0,0,0.0,0,0,0,2,1,0,0,0,0,2,0.0,0.0
203648,400,Thanasis Antetokounmpo,MIL,11,47,9,16,0.563,0,2,0.0,4,8,0.5,5,1,6,6,1,1,4,6,22,21,1.5,0.25
1628396,400,Tony Bradley,UTA,25,236,45,75,0.6,0,0,0.0,15,24,0.625,34,54,88,7,3,13,11,46,105,166,0.64,0.27
1629076,400,Tyler Cook,CLE,6,17,5,6,0.833,0,0,0.0,2,2,1.0,3,2,5,0,1,0,1,1,12,16,0.0,1.0
2199,400,Tyson Chandler,HOU,22,192,14,18,0.778,0,0,0.0,6,13,0.462,22,39,61,6,6,8,7,26,34,97,0.86,0.86
2617,400,Udonis Haslem,MIA,2,11,1,1,1.0,0,0,0.0,3,4,0.75,0,3,3,0,0,0,0,3,5,7,0.0,0.0
1629738,400,Vincent Poirier,BOS,9,44,7,14,0.5,0,0,0.0,1,2,0.5,8,7,15,3,2,2,3,10,15,26,1.0,0.67
1628427,400,Vlatko Cancar,DEN,5,9,0,1,0.0,0,0,0.0,2,2,1.0,1,0,1,2,0,0,0,0,2,4,0.0,0.0
1626161,400,Willie Cauley-Stein,GSW,33,764,120,213,0.563,0,0,0.0,26,43,0.605,54,151,205,49,40,45,31,87,266,464,1.58,1.29
1629668,400,Zach Norvell Jr.,LAL,2,5,0,1,0.0,0,0,0.0,0,0,0.0,0,1,1,0,0,0,0,0,0,0,0.0,0.0
1629597,400,Zylan Cheatham,NOP,2,20,1,4,0.25,0,1,0.0,0,0,0.0,0,3,3,1,0,0,1,3,2,2,1.0,0.0
